name,type
package,character
version,character
date,Date
license,character
files_R,integer
files_src,integer
files_inst,integer
files_vignettes,integer
files_tests,integer
loc_R,integer
loc_src,integer
loc_inst,integer
loc_vignettes,integer
loc_tests,integer
blank_lines_R,integer
blank_lines_src,integer
blank_lines_inst,integer
blank_lines_vignettes,integer
blank_lines_tests,integer
comment_lines_R,integer
comment_lines_src,integer
comment_lines_inst,integer
comment_lines_vignettes,integer
comment_lines_tests,integer
rel_space,numeric
rel_space_R,numeric
rel_space_src,numeric
rel_space_inst,numeric
rel_space_vignettes,numeric
rel_space_tests,numeric
indentation,integer
nexpr,numeric
num_vignettes,integer
num_demos,integer
num_data_files,integer
data_size_total,integer
data_size_median,integer
translations,character
urls,character
bugs,character
desc_n_aut,integer
desc_n_ctb,integer
desc_n_fnd,integer
desc_n_rev,integer
desc_n_ths,integer
desc_n_trl,integer
depends,character
imports,character
suggests,character
enhances,character
linking_to,character
n_fns_r,integer
n_fns_r_exported,integer
n_fns_r_not_exported,integer
n_fns_src,integer
n_fns_per_file_r,numeric
n_fns_per_file_src,numeric
npars_exported_mn,numeric
npars_exported_md,numeric
loc_per_fn_r_mn,numeric
loc_per_fn_r_md,numeric
loc_per_fn_r_exp_mn,numeric
loc_per_fn_r_exp_md,numeric
loc_per_fn_r_not_exp_mn,numeric
loc_per_fn_r_not_exp_md,numeric
loc_per_fn_src_mn,numeric
loc_per_fn_src_md,numeric
languages,character
doclines_per_fn_exp_mn,numeric
doclines_per_fn_exp_md,numeric
doclines_per_fn_not_exp_mn,numeric
doclines_per_fn_not_exp_md,numeric
doclines_per_fn_src_mn,numeric
doclines_per_fn_src_md,numeric
docchars_per_par_exp_mn,numeric
docchars_per_par_exp_md,numeric
n_edges,integer
n_edges_r,integer
n_edges_src,integer
n_clusters,integer
centrality_dir_mn,numeric
centrality_dir_md,numeric
centrality_dir_mn_no0,numeric
centrality_dir_md_no0,numeric
centrality_undir_mn,numeric
centrality_undir_md,numeric
centrality_undir_mn_no0,numeric
centrality_undir_md_no0,numeric
num_terminal_edges_dir,integer
num_terminal_edges_undir,integer
node_degree_mn,numeric
node_degree_md,numeric
node_degree_max,integer
external_calls,character
cpl_instability_pkg,numeric
